Название,Цена,Ссылка
Чертежный набор линеек для школы,151,https://www.wildberries.ru/catalog/214357375/detail.aspx
Набор чертежный малый,151,https://www.wildberries.ru/catalog/264169042/detail.aspx
Набор линеек аниме,153,https://www.wildberries.ru/catalog/229989603/detail.aspx
Набор линеек аниме,153,https://www.wildberries.ru/catalog/229677421/detail.aspx
Многофункциональная линейка,153,https://www.wildberries.ru/catalog/262342794/detail.aspx
Набор линеек аниме,153,https://www.wildberries.ru/catalog/229677420/detail.aspx
Транспортир 180* 10 см стальной 2 шт,153,https://www.wildberries.ru/catalog/273998248/detail.aspx
Транспортир-линейка 15см,153,https://www.wildberries.ru/catalog/172786192/detail.aspx
Геометрический набор,153,https://www.wildberries.ru/catalog/192129674/detail.aspx
Набор линеек аниме,153,https://www.wildberries.ru/catalog/229986397/detail.aspx
